id,ushio,kageyama,katou,saitou,sasaki_kumi,sasaki_mirei,takase,takamoto,higashimura,kanemura,kawata,kosaka,tomita,nibu,hamagishi,matuda,miyata,watanabe,kamimura,takahashi,morimoto,yamaguchi
1,,,,,,,,,1,2,,2,,,,,,,,,,
2,,,2,,2,,,,1,,,,,,,,,,,,,
3,1,2,,,,,,,,,,,,2,,,,,,,,
4,1,,,2,,,,2,2,,,,,,,,,,,,,
5,,,,,,,,1,,,2,,,,,,,,,,,
6,,,,,,2,,1,,,,,,,,,,,,,,
7,,,2,,,,,,,,,,,,,,,1,,,,
8,,,,,,,,,,1,,2,,2,,2,2,,,,,
9,2,,,,,,2,2,2,2,2,2,2,2,,1,,2,2,,,
10,2,,,,,1,2,,,,,,,,,,,,,,,
11,,,,,1,,,,,,,,2,,,,,,,,,
12,,,,,,,,,2,,,,,,,,,,1,,,
13,,,,,,,,1,,,,,,,,,,,2,,,
14,,,1,,,2,,,,,,,,,,,,,,,,
15,,,,,,,1,,,,2,,,,2,,,,,,,
16,,,,,,,,,,,,,,,,1,,,,,2,
17,,,,,,,,,,,,,,,1,,2,,,,,
18,,,,,,,,,,,,,,,,1,,,,2,,
19,,,,,,,,,,,,2,1,,,,,,,,,
20,,,,2,1,,,,,,,,,,,,,,,,,
21,,,,,,,,,,2,,,,,,1,,,2,,,
22,,,,,,,,,,,,,,1,2,,,,,,,
23,,,,,2,1,,,,,,2,,,,,,,,,,
24,,,,,,,,,,,,,2,,,1,,2,,,,
25,,,,,,,,,,,2,,,,,,,,,1,,
26,,,,,,,,,,2,,,1,,,,,2,,,,
27,,,2,,,,,,,,,,1,,,,,,,,,
28,,,,2,,,,,1,,,,,,,,,,,,,
29,,,,1,2,2,2,2,2,,,,,,,,,,,,,
30,,,,,,1,,,,,2,,,,,,,,,,,
31,,1,,,,,,,,,,,,,,,,,,,2,
32,,,2,,,,,,,1,,,,,,,,,,,,
33,2,,,,,,,,,,,,1,,,,,,,,,
34,,,,2,1,,,,,,,,,,,,,,,,,
35,,,,,,,,,,,,2,,,,1,,,,,,
36,,,,,2,,,1,2,,,,,,,,,,,,,
37,,,,,,,,,,2,,,,1,,,,,2,,,
38,,,,,,,,,,1,,,,,,,2,,,,,
39,,,,,,,,,,,,,,,,,,,,2,,1
40,,,1,,,,,,,,,,,,,,,2,,,,
41,,,,,,,,,1,,,2,,,2,,,,,,,
42,2,,,,,2,,,,,,,,,,,1,,,,,
43,,,,,,,,,,,,,1,,2,,,,,,,
44,,,,,,,,,,,,,,,,,,,,2,1,
45,,,,,,,,,,,,,,,,1,2,,,,,
46,,1,,,,,,,,2,,,,,,,,,,,,
47,,,,,1,,,,,,,,2,,,,,,,,,
48,,2,,,,,,,,,,,,,,,1,,2,,,
49,,,,,,,,,,,,,,,,,,,,1,2,
50,,,1,,,,,,2,,,,,,,,,,,,,
51,,,,,1,,,,,,,2,,,,,,2,,,,
52,,,,,,,,,,1,,2,,,,,,,,,,
53,,,,,,1,,,,,,,2,,,,,,,,,
54,,,,,2,,,,1,,,,,,,,,,,,,
55,,,,,,,,,,,,,,,,,,,1,2,,
56,,,2,,,,,,,,,,,,,,,,1,,,
57,,,,2,1,,,,,,,,,,,,,,,,,
58,,,,,,,,,,,,,,,,,,,,,2,1
59,,,,,1,,,,,,2,,,,,,,,,,,
60,,,,,,,,,,2,,,,,,,,,1,,,
61,,,,,,,,,,,,,,,,,,,,,2,1
62,2,,,1,,,,,,,,,,,,,,,,,,
63,,,,1,,,2,,,,,,,,,,,,,,,
64,,,,2,1,,,,,,,,,,,,,,,,,
65,,,,,,,,2,,,,,,1,,,,,,,,
66,,,,,,,1,,,,,,,,,,,,,2,,2
67,,2,,,,,,,,,,,,1,,,,,,,,
68,,,,,,,,,1,,,,,2,,,2,,,,,
69,,,,,,,,,,,,,2,,,,,,,,1,
70,,,,1,,,,2,,,,,,,,,,,,,,
71,,,,,2,1,,,,,,,2,,,,,2,,,,
72,2,,1,,,,,,,,,,,,,,,,,,,
73,,,,,,,,,,2,,,1,,,,,,,,,
74,1,,,,,,,,,,,,,,,2,,,,,,
75,,,,,,2,,,,,2,,,,1,,,,,,,
76,,,,,,,,,,1,,2,,,,,,,2,,,
77,,,,,,,,,,,,1,,2,,,,,,,,
78,1,,,,,,,,2,,,,,,,,,,,,,
79,,1,,,,,2,,,,,,,,,,,,,,,
80,,,,,,,,,1,,,,,,,,,,,,,2
81,,,2,,,,,,1,,,,,,,,,,,,,
82,,,,,,,,,,,,2,,1,,,,,,,,
83,,,,,,2,,2,,,1,,,,,,,,,,,
84,,1,,,,,,,,2,,,,,,,,,,,,
85,,,,2,,,,1,,,,,,,,,,,,,,
86,2,,,,,2,1,,,,,,,,,,,,,,,
87,,,,,,1,,,2,,,,,,,,,,,,,
88,,,,,,,,,,,,,,1,,,,,2,,,
89,,,,,,,,,,,,,2,,,,,1,,,,
90,,,2,,1,,,,,,,,,,,,,,,,,
91,,,,,,,,,,2,,,,,1,,,,,,,
92,,,,,,,,,,,2,,,,,1,,,,,,
93,,,1,2,,,,,,,,,,,,,,,,,,
94,2,,,,,,,,,1,,,,,,,,,,,,
95,1,,,,,,,,,,,,,2,,,,,,,,
96,,,,,,,,,,1,2,,,,,,,,,,,
97,,,,2,,,,,,,,,,,,1,,,,,,
98,,,,,,,,,1,,,,2,,,2,,,,,,
99,,,,,,2,,,1,,2,,,,2,,,,,,,
100,,,,,,,1,,,,,,,,,,,,2,,,
101,,,2,,,,,,1,,,,,2,,,,,,,,
102,2,,2,,1,2,2,,,2,2,,2,2,,2,2,2,,,,
103,,,,,,,,,,1,2,,,,,,,,2,,,
104,,,,,,,,,,,,2,,,,,,2,,1,,
105,1,,,,,2,,,,,,,,,,,,,,,,
106,,,,,,,,,,,,,,,,,,,1,,2,
107,,,,,1,,,,2,,,,,,,,,,,,,
108,,,,,,,,,,1,,,,,,2,,,,,,
109,,,,2,,,,,1,,,,,,,,,,,,,
110,,,,,,,,,,,2,,,1,,,,,,,,
111,,,,,,1,,2,,,,,,,,,,,,,,
112,,,1,,,,2,,,,,,,,,,,,,,,
113,,,,,,,,,,,1,,,,2,,,,,,,
114,,,,,,,,,,,,2,1,2,,,,,,,,
115,,,,,,,,,,,,2,,,,1,,,,,,
116,,,,,,1,2,,,,,,,,,,2,,,,,
117,,,,,2,,,,,,,,,,,,,1,,,,
118,,1,,2,,,,,,,,,,,,,,,,,,
119,,,,,,2,,,,,,,1,,,,,,,,,
120,,,2,,,,,,,,,,1,,,,,,,,,
121,,,,,,,,,,,,,,,,,2,1,,,,
122,2,,,,,,1,,,,,,,,,,,,,,,
123,,1,,,,,,,,,,,,,,,,,,,,2
124,,,,,1,,,2,,,,,,,,,,,,,,
125,1,,2,,,,,,2,,2,,,,,,,,,,,
126,1,,,,,,,,,,,2,,,,,2,,,,,
127,,2,,1,,,,,,,,,,,,,,,,,,
128,,,,,,,,,,,,,,,,,,,1,,2,
129,,,,,,2,,,,,1,,,,2,,,,,,,
130,,,,,,,,,,,,,,,,1,,2,,,,
131,2,,2,,2,,,,1,,,,2,,,2,,,,,,
132,1,,,,,,,,,2,,,,2,,,,,,,,
133,1,,,,,,,,,,,,,,,2,,,,,,
134,,,,,,,,,,,,2,,1,,,,,,,,
135,,,,,,,,1,2,,,,,,,,,,,,,
136,,,,,,,,,,1,,,,2,,,,,,,,
137,,,,,,,1,,,,2,,,,,,,,,,,
138,,,,,,,,,,,,,,,,,,,,2,1,
139,,1,,2,,,,,,,,,,,,,,,,,,
140,,,,1,,,,2,,,,,,,,,,,,,,
141,,,,,,,,,,,,,,,,,,,1,,,2
142,,,2,,,,,,,,,,,,,,,1,,,,
143,1,,,,,,2,,,,,,,,,,,,,,,
144,1,,,,2,,,,,,,,,,,,,,,,,
145,1,,,,,,,,,2,,,,,,,,,,,,
146,2,,,,,,,,,,,,,1,,,,,,,,
147,,,,,,,,,,,,,,1,,2,,,,,,
148,,,,,,,,,,,,,,,,,1,2,,,,
149,,,,,1,,,,2,,,,,,,,,,,,,
150,1,,,,,,,,,,,,,,,,,,2,,,
151,,2,,,,,,,,,,,,,,,,,,,1,
152,,,,,,,,,,,,,,1,,,2,,,,,
153,,,,,,2,,,,,,,,,,1,,,,,,
154,1,,,,,,,,,,,,,2,,2,,,,,,
155,,,,2,,,1,,,,,,,,,,,,,,,
156,,,,,2,,,2,,,,,,,,1,,,,,,
157,,,,,,,,,,2,,,1,,,,,,,,,
158,,,,,,,,,,1,,2,,,,,,,,,,
159,,,,,,,,,,,,,,,,,,,,1,,2
160,1,,,,,,2,,,,,,,,,,,,,,,
161,,,,,,,,,,1,,,,,2,,,,,,,
162,2,,,,1,,,,,,,,,,,,,,,,,
163,,,,,,,,,,,,,1,,,2,,,,,,
164,,,,,,,,,,2,,,,2,,1,,2,,,,
165,,,,2,,,,,2,,,,,1,,,,,,,,
166,,,,,,2,,,,,,,,,,,,1,,,,
167,,,,,,,,,,,2,,,,,,1,,,2,,
168,,,,,,,,,,,,,1,,,2,,2,,,,
169,,,,,,,,,,2,,2,,,,,,,1,,,
170,,,2,,,,,,,1,,,,,,,,,,,,
171,,,,2,,,,1,,,,,,,,,,,,,,
172,,,,,,,,,,1,,,2,2,,2,,2,,,,
173,1,2,,,,,,,,,,,,,,,,,,,,
174,2,,,,,,,,,,,,,1,,,,,,,,
175,,1,,2,,,,,,,,,,,,,,,,,,
176,,,2,,1,,,,,,,,,,,,,,,,,
177,,,,,,,,,,1,,,,,,,,,2,,,
178,1,,,,,,,,,,,,,2,,,2,,,,,
179,,1,,,,,,,,,,,,,,,,2,,,,
180,,,,,,,,,,,,2,,,,2,1,,,,,
181,,,,,1,,,,2,,,,,,,,,,,,,
182,,,,,,,,,,2,,1,,,,,,,,,,
183,,,2,,,,,,,,,2,,1,,,,,,,,
184,,,2,2,1,2,2,2,2,2,2,,2,2,,2,2,,,,,
185,,,,,,,,,1,,2,,,,,,,,,,,
186,,,,,,,,,,1,,,,2,,,,,,,,
187,,,,,,,,,,2,,,,,,1,,,,,,
188,,,,,,,,,,,,2,,1,,,,,,,,
189,,,2,,1,,,,,,,,,,,,,,,,,
190,1,,,,,,,,2,,,,,,,,,,,,,
191,,,,,1,,,,,,,,,,,2,,,,,,
192,,,,,,,,,,,,,,,,,,,2,1,,
193,,,2,,,,,,,,,,,1,,,,2,,,,
194,,,,,2,,,,,2,,1,,,,,,,,,,
195,,,,1,,,,,2,,,,,,,,,,,,,
196,,,,,,,,,,,,,,,,,,,,1,2,
197,2,,1,,,,,,,,,,,,,,,,,,,
198,,,,,,,,,,,,2,,,,1,,,,,,
199,,,,,,,,,,,,,,1,,,2,,,,,
200,,,,,,1,,2,,,,,,,,,,,,,,
201,,,1,2,,2,,,,,,,,,,,,,,,,
202,,,,,,,,,,,,,1,2,,,,,,,,
203,,,,,,,,,,,2,1,,,,,,,,,,
204,,,,,,,,,,,,2,,1,,,,,,,,
205,,,,,,,,,,,,,,1,2,,,,,,,
206,,,,,2,,,,,,,,,,,,,2,,,,1
207,,,,,,,,,,,,,,,,,,,2,,1,
208,,,,,,,,,,1,,,,2,,,,,,,,
209,,,,2,,1,,,,,,,,,,,,,,,,
210,,,,,,,,,,,,2,,,,,1,2,,,,
211,,,,,,,,,,,,,,,,,,,2,1,,
212,,,,,,,,,,,2,,2,1,,,,,,,,
213,,,2,1,,,,2,,,,,,,,,,,,,,
214,,,,2,1,,,,,,,,,,,,,,,,,
215,,,,,,,,,,,,2,,,,,1,,,,,
216,,,,,,,,,,,,,,,,,,,2,,,1
217,,,,2,,1,,,,,,,,,,,,,,,,
218,,,,,,,,,1,,2,,,,,2,,,,,,
219,,,,,,,,,,,1,,,2,,,,,,,,
220,,,,,,,,,,,,,,,,,,2,1,,,
221,,,,1,2,,,,2,,,,,,,,,,,,,
222,,,,,2,,,,,,,,,,,1,,,,,,
223,,,,,1,,,,,,,,,2,,,,,,,,
224,1,,,2,,,,,,,,,,,,,,,,,,
225,,1,,,,,,,,,,,,,2,,,,,,,
226,,,,,,,2,,,,,,,,,,1,,,,,
227,,,,1,,2,,,,,,,,,,,,,,,,
228,,,,,,,,,,,,,,,,,,,1,,,2
229,,,,,,1,,2,,,,,,,,,,,,,,
230,,,,2,,1,,2,,,,,,,,,,,,,,
231,,,,,1,,,,,,,,2,,,,,,,,,
232,,,,,,,,,,,,,,,,,,,2,1,,
233,,,,,,1,,,,2,,,,,,,,,,,,
234,,,,1,,2,,,,,2,,,2,,,,,,,,
235,,,,,,,,,2,,,,,,,,,1,,,,
236,1,,,,,,,,,,2,,,,,,,,,,,
237,,,,,,,,,,2,,,1,,,,,,,,,
238,,,,,2,,,,,,,,1,,,2,,,,,,
239,,,,2,,,,,,,,,2,,,,,1,,,,
240,,,,,,,,,,,,,,1,,,,2,,,,
241,1,,,,,2,,2,,,,,,,,,,,,,,
242,,,,,,1,,,,,,2,,,,,,,,,,
243,,,,,,,,,,,,,1,2,,,,,,,,
244,,,,,2,,,,,2,,,1,,,,,,,,,
245,2,,,,,,1,,,,,,,,,,,,,,,
246,,,2,,,,,,1,,,,,,,,,,,,,
247,,,,,,,,,,,1,,,,,,,2,,,,
248,,,,,,,,,,,,,,1,,,,,2,2,,
249,,,,1,,,,,2,,,,,,,,,,,,,
250,,,,2,,2,1,,,,,,,,,,,,,,,
251,,,,,,,,,,,,,2,,,,,1,,,,
252,2,1,,,,,,,,,,,,,,,,,,,,
253,,2,1,,,,,,,,,,,,,,,,,,,
254,,,,2,,,,,2,,,,,,,1,,,,,,
255,,,,,,2,,,,,,,,1,,,,,,,,
256,2,,,,,2,,2,,,2,,,,,,,1,2,,,
257,,,,1,,,,,,,2,,,2,,,,,,,,
258,,,,,1,,,2,,,,,,,,,,,,2,2,2
259,1,,,,,,,,,,,,,,,2,,2,,,,
260,,,,,,,,,,,,2,,,,,,,,1,,
261,,,2,,2,,,,1,,,,,,,,,,,,,
262,,,,,,,,,,1,,,2,2,,2,2,,,,,
263,,,,,,,,,,,,,,1,,2,,,2,,,
264,,,,,,,,,,2,,,,,,,2,1,,,,
265,,,,,,,,,,,,,2,,,,1,,,,,
266,,,,,,,,2,,,,,,,,,,,1,,,
267,1,,,,,,,,,,2,,,,,,,,,,,
268,,,,,1,,,2,,,,,,,,,,,,2,,2
269,,1,,,,,,,,,,,,,,,,,,2,,
270,1,,,,,,2,,,,,,,,,,2,,,,,
271,1,,,,,,,,,,,,,2,,,,,,,,
272,,,,,,,,,,1,,2,,,,,,,,,,
273,1,,,,,,,,,,,,,,,,,,,2,2,2
274,2,,,1,,,,,,,,,,,,,,,,,,
275,,,,,,,,,,,2,,,2,,1,,,,,,
276,1,,,,2,,,2,,,,,,,,,,,,,,
277,,,,,,,,,,,,,,,,,,2,,1,,
278,,,2,,,,,,,,,,,,,1,,2,,,,
279,,,,,,,,,,,,,,,,2,,1,2,,,
280,,,,,,,,,,,2,,,,1,,,,,,,
281,,,,,2,,1,,2,,,,,,,,,,,,,
282,2,,,,,,,2,1,,,,,,,,,,,,,
283,,,,,,2,1,,,,,,,,,,,,,,,
284,,,,,,,,,,2,,,,1,,,,,,,,
285,,,,,,1,,,,,,,2,,,,,,,,,
286,,,,,,,,,,,1,,,,2,,,,,,,
287,2,,1,,2,,,,,,,,,,,,,,,,,
288,,,,,,,2,,,,,,,,,,1,,,,,
289,,,2,,1,,,,,,,,,,,,,,,,,
290,,,,2,,,,,1,,,,,,,,,,,,,
291,,,,,,,,,,,,2,,,,,1,,2,,,
292,1,,,,,,,,2,,,,,,,,,,,,,
293,,,,,,,,,1,,,,,,,,,,,,,2
294,,,,,,,1,,,,2,,,,,,,,,,,
295,,,,,,,,,,,,,,1,,2,,,,,,
296,2,,,,,,,,,,,,,,,,1,,,,,
297,,,2,,,,1,,,,,,,,,,,,,,,
298,,,,,,,,,,1,,,,2,,,,,,,,
299,,,,,,,,,,,,,,,,,,,2,1,,
300,2,,,1,2,2,2,2,,,,,,,,,,,,,,
301,1,,,,,,,,,,,2,,2,,,,,,,,
302,,2,,,,,,,,,,,,,,,1,,,,,
303,,1,,,,,,,,,,,,2,,,2,,,,,
304,,,,,,,,,,,,,1,,2,,,,,,,
305,,,,,,,,,,1,,,,,,,,,2,,,
306,1,,,,2,,,,,,,,,,,,,,,,,
307,2,,,1,,,,,,,,,,,,,,,,,,
308,,,,,,,,,,2,,,,,1,,,,,,,
309,,,1,,,,,2,,,,,,,,,,,,,,
310,,,,,,,,,,2,,,,1,,,,2,,,,
311,,,2,,1,,,,,,,,,,,,,,,,,
312,,,,,,,,,,,,,,,,1,,2,,,,
313,,,,,,,,,,2,,1,2,,,,,,,,,
314,,,2,,,,,1,,,,,,,,,,,,,,
315,,2,,,,,,,,,,,,,,,,,1,,,
316,,,,,,1,,,,,,2,,,,,,2,,,,
317,,,,,,,,,,,,1,,,,,,,2,2,2,2
318,,1,,2,,,,,,,,,,,,,,,,,,
319,,,1,,,,,,,,,2,,,,,,,,,,
320,,,1,,,,,,,,,,,2,,,,,2,,,
321,,,,,,2,,,,,,,,,1,,,,,,,
322,,,,,,,,,,,2,,,1,,,,,,,,
323,,,,2,,,1,,2,,,,,,,,,,,,,
324,,,,,,,,,1,,,,,,2,,,,,,,
325,,,,,,,,,,,,,,,,2,,2,,,1,
326,1,,,,2,,,,,,,2,,,,,,,,,,
327,,,,,,,,,,,,1,,,,,,2,,,,
328,,,,,1,,,,2,,,,,,,,,,,,,
329,,,,2,1,,,,,,,,,,,,,,,,,
330,,,,1,2,,,,,,,,,,,,,,,,,
331,,1,,,,2,,,,,,,,,,,,,,,,
332,,,,,,,,,,,,,,2,,1,,,,,,
333,,,,,,,,,,2,,,,,,1,,,,,,
334,,,,,,,,,,,,,,,1,,2,,,,,
335,,,,,,,,2,,,,,,,,1,,,,,,
336,,,,,,,,,,,2,,,,,,,,,,,1
337,,,,,,,,,,,,2,,,,,1,,2,,,
338,1,,2,,2,2,2,2,,2,2,2,2,2,,2,2,,2,,,
339,,,,2,,,,,1,,,,,,,,,,,,,
340,,,,,,,,,,1,,,,2,,2,,,,,,
341,1,,,,,,,,,,,2,,,,,,,,,,
342,,,,,,,,,,,,,2,1,,,,,,,,
343,,,,,2,1,,,,,,,,,,,,,2,,,
344,,,,,,,,,,2,,2,,,,2,1,,2,,,
345,,,2,,1,,,,,,,,,,,,,,,,,
346,1,,,,,,,,,,,,,2,,,,,,,,
347,,,,,,,,,,,,,,,,,,,,1,2,
348,,2,,,,,,,1,,,,,,,,,,,,,
349,,,,,,,,,,,,,2,,,1,,,,,,
350,1,,,,,,,,2,,,,,,,,,,,,,
351,,,2,,1,,,,,,,,,,,,,,,,,
352,,,,2,,,,1,,,,,,,,,,,,,,
353,,,,,,,,,,,,1,,,,,2,,,,,
354,2,,,,2,1,,,,,,,,,,,,,,,,
355,,,,,1,,,,,2,2,,,,,,,,,,,
356,,,,,,,,,1,,,,,,2,,,,2,,,
357,,,,,,,,,,,1,,,,,,2,,,,,
358,,,,,1,,,,2,,,,,,,,,2,,,,
359,,,,,,,,,,,,,,2,,,1,,2,,,
360,,,,,,,,,,2,,,,,,,,1,,,,
361,,,,,,,,2,1,,,,,,,,,,,,,
362,2,,,,,,,,,,,,,1,,,,,,,,
363,,,,,,,,,,,,,,,,,,,1,2,,
364,,,,,,,,,,2,1,,,,,2,,,,,,
365,,,,,,,,,,,,,,,,1,2,,,,,
366,,,,,,,,,,,,,,,,,,,2,,,1
367,,,,,,,2,,,,1,,,,,,,,,,,
368,,,,,2,,,,,,,,2,,,,,,,1,,
369,,2,,,,,,,,,,,1,,,,,,,,,
370,,,,,,,,,,1,,2,,,,,,,,,,
371,,,2,1,2,,,2,2,,2,,,,,,,2,,,,
372,,,,,,,,,,1,,,,,,,,,2,,,
373,,,1,2,,,,,,,,,,,,,,,,,,
374,,,,,1,,,,,,,2,,,,,,,,,,
375,,,,,,,2,,,,,,,,,1,,,,,,
376,1,,,,,,,,,2,,,,,,,,,,,,
377,,,2,,,,,,,,,1,,,,,,,,,,
378,,,,,,,,1,,,,,,,,2,,,,,,
379,,,,,,,,,,,,,,,,,,,,1,,2
380,,,,1,,2,,2,,,,,,,,,,,,,,
381,,2,,,,,1,,,,,,,,,,,,,,,
382,,,2,,,,,,1,,,,,,,,,,,,,
383,,,,,,,,,,,,2,,,,1,,,,,,
384,,,,,,,,,,2,,,,,,1,,,,,,
385,,,,,2,,1,,,,2,,,,,,,,,,,
386,,,,,,,2,,,,,,,,,,1,,,,,
387,,1,,,,,,,,,,2,,,,,,,,,,
388,,,,,,,,,,,,,,1,,,,,2,,,
389,,2,,,,,,,,,,,,1,,,,,,,,
390,,,,2,,,,,1,,,,,,,,,,,,,
391,,,1,,,,,,,,,,,,,,,,,,,2
392,,,,,,,,,,,,,,,2,,,,,1,,
393,,,,,,,,,,,1,,,,,2,,,,,,
394,,,,,2,2,1,,,,2,,2,2,,,,,2,,,
395,,,,,,,,,,,,2,1,,,,,,,,,
396,,,,,1,,,,,,,2,,,,,,,,,,
397,,,,,,,,,,,,,1,2,,,,,2,,,
398,,,,1,,2,2,2,2,,,,,,,,,,,,,
399,,,,,,,,,,,,,,1,,2,,,,,,
400,,,1,,,,,,2,,,,,,,,,,,,,
401,,,2,,1,,,,,,,,,,,,,,,,,
402,,,,,,2,1,,,,,,,,,,,,,,,
403,,,,2,,1,,,2,,,,,,,,,,,,,
404,2,,,,,,,1,,,,,,,,2,,,,,,
405,,,,,1,,,,,,,,2,,,,,,,,,
406,,,,,,,,,,,,1,,,,,2,,,,,
407,,,,,,1,,,,,,2,,,,,,,2,,,
408,,1,,,,,,,,2,,,,,,,,,,,,
409,,,,1,2,,,,,,,,,,,,,,,,,
410,,,1,,,2,,,,,,,,,,,,,,,,
411,1,,,,,,2,,,,,,,,,,,,,,,
412,,,,,,,,,,,,,,,,,,,,2,1,
413,,,,,,,,,,,1,,,,,,2,,,,,
414,,,,,,,,,,1,,,2,,,,,,,,,
415,,1,,,,,,,,,,,,,,,,2,,,,
416,,,2,,,,,,,,2,,,1,,,,,,,,
417,,1,,,,,,,,2,,,,,,,,,,,,
418,,,1,,,,,,2,,,,,,,,,,,,,
419,,,,,1,,,2,,,,,,,,,,,,,,
420,,,,,,,,,1,,,,,,2,,,,,,,
421,1,,2,,,,,,,,,,,,,,,,,,,
422,,,,,,,,,,,,,,,,,,,,2,,1
423,,,,,,,,,,,,1,,,,,,,2,,,
424,,,,,1,2,,,,,,,2,,,,,,,,,
425,1,,,,,,,,,,,2,,,,,,,,,,
426,,1,,,,,,,,2,,2,,,,,,,,,,
427,,,,,,,,,,,,,,,,,,,,1,,2
428,,,2,,,1,2,,,,,,,,,,,,,,,
429,,,,,,,,,1,,,,,,,,,,2,,,
430,,,,,,,,,,,2,,,,,1,,,,,,
431,,,,2,,,,1,,,,,,,,,,,,,,
432,1,,,,,,,,,,,,,,,2,,,,,,
433,,,,,,,,,,,,,,,,,,,,,2,1
434,,,,,,,,,,,1,,2,,,,,,,,,
435,,2,,,,,,,1,,,,,,,,,,,,,
436,,,,2,2,,,2,2,,,,,,,1,,,,,,
437,1,,,,,,,,,,,2,,,,,,,2,,,
438,2,,,,2,,,,2,,,,,,,1,,,,,,
439,,,,,,,,,,2,,,,,,,,1,,,,
440,,,1,2,,,,,,,,,,,,,,,,,,
441,1,,,,,,,,,,2,,,,,,,,,,,
442,,,,,,2,,,1,,,,,,,,,,,,,
443,,,,,,,,,,,,,,,,,,,1,2,,
444,,,,,,,,,,,,,,,,,,,1,,2,
445,,,,,,,2,,,,,,,,,,,1,,,,
446,,,,,,,,,,,,2,,,,,,,1,,,
447,1,,,,2,2,,,,,,,,,,,,,,,,
448,,,1,,,,,,2,,,,,,,,,,,,,
449,1,,,,,,,,,,,,,,,,2,,,,,
450,,,,,,,,,,,,,,,1,2,,,,,,
451,,,,,,,,,,,,,1,,,,,2,,,,
452,,,,,,,,,,,,2,,,,,,1,,,,
453,,,,,,,,,,,2,,1,2,,,,,,,,
454,,,,,,,,,,,,,,,,,,,,,1,2
455,,,,,,,,2,,,1,,,,,,,,,,,
456,,,2,,2,,,,1,,,,,,,,,,,,,
457,,,,,,,,,,,,1,,2,,,,,,,,
458,,,,,,2,,2,,1,,,,,,,,,,,,
459,,,,,1,2,,,,,,2,,,,,,,,,,
460,,,,,,,,,,2,,,,,,,1,2,,,,
461,2,,2,,,,,,,,2,,,,,,,,1,,,
462,,,,,1,,,,,,,2,,,,,,,,,,
463,,,,,1,,,,,,,,,,,2,,2,,,,
464,,,,,,2,,,,,,,,1,,,,,,,,
465,1,,,,,,,,,,2,,,,,,,,,,,
466,,,,,2,2,,2,2,,,,,2,,1,,2,,,,
467,,,,2,1,,,,2,,,,,,,,,,,,,
468,,,,,,,,,,,,,,,,,,,2,1,,
469,,1,2,,,,,,,,,,,,,,,,,,,
470,1,2,,,,,,,,,2,,,,,,,,,,,
471,,,,,,,,,,,2,,,,,2,,,1,,,
472,,,,,,,,,,2,,,,,,,,1,,,,
473,,,,,,,,,,,,1,,2,,,,,,,,
474,,1,,,,2,,,,,,,,,,,,,,,,
475,1,,,,,,,,,,,,,,,,,,2,,,
476,,,,,,1,2,,,,,,,,,,,,,,,
477,1,,,,,,,,,,2,,,,,,,,,,,
478,1,,,2,2,,,,2,,,,,,,,,,,,,
479,1,,2,,,,,,,,,,,,,,,,,,,
480,,,,,,1,,,,2,,,,,2,,,,,,,
481,1,,,2,,,,,,,,,,,,,,,,,,
482,,,,,,,,1,2,,,,,,,,,,,,,
483,2,1,,,,,,,,,,,,,,,,,,,,
484,,,1,,2,,,,,,,,,,,,,,,,,
485,,2,,,,,,,,,,,,,1,,,,,,,
486,,,2,,1,,,,,,,,,,,,,,,,,
487,1,,,,,,,2,,,2,,,,,,,,,,,
488,,,,,,,,,,2,,,1,,,,,,,,,
489,,,,,,1,2,,,,,,,,,,,,,,,
490,,,,,,,,,,,,,,,,,,,,,1,2
491,1,,,2,,,,,,,2,2,,2,,,,,,,,
492,,,,,,,,,,,,,,1,,,,2,,,,
493,,,,,,,,,,1,,,2,,,2,,,,,,
494,,1,,,,,,,,,,2,,,,,,,,,,
495,,,2,,,,1,,,,,,,,,,,,,,,
496,,,,2,,2,,,,,1,,,,,,,,,,,
497,,,,,,,,2,2,,,,,,,1,,,,,,
498,,,,,,,,,,,,,1,,,,,2,,,,
499,,,2,,1,,,,,,,,,,,,,,,,,
500,,,,,,,,,,,2,,,1,,,,2,,,,
501,,,,,,,,,,,,2,,,,,,,,,,1
502,,,,,,,,,,1,,,,2,,,,,,,,
503,,,,,1,,,,,,2,,,,,,,,,,,
504,1,,,2,,,,,2,,,,,2,,,,,,,,
505,,,,,,,2,,,,,,,,,,,,2,,,1
506,1,,,,,,,,,2,2,,,,,,,,,,,
507,,,,,1,,,,,,,,,,,,,2,,,,
508,2,,,,2,,,,,2,,2,2,1,,2,2,2,2,,,
509,,,2,,,,,,,,,1,,,,,,,,,,
510,,,,,,,,,,,,,,1,,,,2,,,,
511,,,,,2,,,,,,,2,,,,2,,2,1,,,
512,,,,1,,,,2,2,,,,,,,,,,,,,
513,,2,,,,,,,,,,,,1,,,,,,,,
514,,,,,,,,,,2,,1,,2,,,,,,,,
515,,,,1,,,,,,,,2,,,,,,,,,,
516,,,1,2,,,,,,,,,,,,,,,,,,
517,,,1,,,2,,,,,,,,,,,,,,,,
518,,,,,,,1,,,,,,,,,,,,2,,,
519,1,,,,,,,,,,,,,,,,,2,,,,
520,,,,,,,,,,,,,,,2,1,,,,,,
521,1,,,,,,,,,,,2,,,,,,,,,,
522,,,,,,,,,,,,,,,,,,,,,2,1
523,,,,,1,,,2,,,,,,,,,,,,,,
524,1,,,,,,,,,,,,,,2,,,,2,,,
525,1,,,,,,,,,,,,,,,,,2,,,,
526,,,2,,,,,,,,,,,,,,,,,1,,
527,,,,,2,,,,,,,,,1,,,,,,,,
528,2,,,,,,1,,,2,,2,,,,,,2,,,,
529,,,,,,,,,,2,,1,,,,,,,,,,
530,,,,,,,,,,,,,,1,,,2,2,,,,
531,,,,,,,,,,,2,,,,1,,,,,,,
532,1,,,,,,,,,,,,2,,,,,,,,,
533,1,,2,,,,,,,,,,,,,,,,,,,
534,,,,,1,,,,,,,,,,,,,,,2,,
535,,,,,,,,,,1,,,,,2,,,,,,,
536,,,,,1,,,,,,,,2,,,,,,2,,,
537,,,,,,,,,,,,,,1,,,,,,,2,
538,,,,,,,,,,,1,,,2,,,,2,,,,
539,,,,,,,1,,,,,2,,,,,2,,,,,
540,1,,,,,2,2,,,,,,,,,,,,,,,
541,,,,,,,1,,,2,,,,2,,,,,,,,
542,,,,,1,,,,,,,,,,,,,,2,,,
543,2,,,,,,,2,,,1,,,,,,,,,,,
544,,,,2,,,,1,,,,,,,,,,,,,,
545,,,,,,,,,,,,,,,,1,,,2,2,2,
546,,,2,,1,,,,,,,,,,,,,,,,,
547,2,,,,,1,,,,,,,,2,,,,,,,,
548,,,,,,,,,,,1,,,,,2,,,,,,
549,,1,,,,,,,,,,,,,,,,,,,2,
550,,,,,2,,,,,,,,,,,,,,1,,,
551,,,,,,,2,,,,,,,,,,1,,,,,
552,2,,,,,,,,,,,,,,2,,,,1,,,
553,,,,,1,,,,,,2,,,,,,,,,,,
554,1,2,2,2,2,2,2,2,2,,,,,,,,,,,,,
555,2,,,1,,,,,,,,,,2,,,,2,,,,
556,,,,,,2,,,,,2,,,,,1,,,,,,
557,,,,,,,,,2,,,,,,,1,,,,,,
558,,,,,2,,,,2,,,,,,,1,,,,,,
559,,,,,,,,,,1,,2,,,,,,,,,,
560,,,,2,,2,1,,,,,,,,,,,,,,,
561,1,,,,,,,,2,2,,,,,,,,,,,,
562,,,,,,,,,,,,2,1,,,,,,,,,
563,2,,,,2,1,,,,,,,,,,,,,,,,
564,2,,,,2,,,,2,1,,,,2,,,,,,,,
565,,,,,,2,,,,,1,,,,,,,,,,,
566,,,,,,1,,2,,,,2,,2,,,,,,,,
567,,,,,,,,,,2,,,,1,,,,,,,,
568,,,,2,,,,1,,,,,,,,,,,,,,2
569,1,,,,,,,,2,,,,,,,,,,,,,
570,,,,,1,,,,,,,,2,,,,,,,,,
571,,,,,2,,,,,,,,,,,,,1,,,,
572,,,2,,,,,,1,,,,,,,,,,,,,
573,,,,,,,,,,,,2,,,,,1,,,,,
574,,,,,,,,,,,2,,,,,,1,,,,,
575,,,,,,,,,,,,2,,1,,,,,,,,
576,,,,,,,,,,2,,,,1,,,,,,,,
577,1,,2,,2,,,,2,,,,,,,,,,,,,
578,,,,,,,,,,,2,,1,,,,,,,,,
579,,,,,,,,,,,,2,,1,,,,,,,,
580,,,,,,,,,,,2,,,2,,1,,,,,,
581,,,,,,,1,2,,,,,,,,,,,,,,
582,,1,,,,,2,,,,,,,,,,,,,,,
583,,,,,,,,,,,,,,,1,,,2,,,,
584,,,,,,,,,,,2,,1,,,,,,,,,
585,,,,,,,,,,,,2,,1,,,,2,,,,
586,,,2,,1,,,,,,,,,,,,,,2,,,
587,,,,,,,,,,,,,,,,,,,1,,,2
588,,,,1,,2,,2,,2,,,,2,,,,,,,,
589,,,,,,,,,,,,,,,,,,,,2,2,1
590,,,,,,,,,,,2,,2,,1,2,,,,,,
591,,,,2,1,,,,,,,,,,,,,,,,,
592,,,,,,2,,,,,,,,,,1,,,,,,
593,1,2,,2,,,2,2,,,,,,,,,,,,,,
594,,1,,2,,,,,,,,,,,,,,,,,,
595,,,,,,,,,,,1,,,,2,,,,2,,,
596,,,,,,,,,2,,,,,,,1,,,,,,
597,,,,,,2,,,,,,,,,,,,,1,,,
598,,,,,,,,,,1,,,,,2,2,,,,,,
599,1,2,,2,,2,,,,,,,,,,,,,,,,
600,,,,,,,,,,,2,,1,,,,,,,,,
601,,,,,2,1,,,,,,,,,,,,,2,,,
602,,,,,,,,,,2,,,,,,,2,,1,,,
603,,1,,,,,,,,,,,,,,,,,,2,,
604,,,1,,2,,,,,,2,,,,,,,,,,,
605,,1,,,,,,,,,,,,,2,,,,,,,
606,,,,2,,1,,,,,,,,,,,,,,,,
607,2,,,1,,,2,,,,,,,,,,,,,,,
608,,,,,,,,,,,1,,2,,,2,,,,,,
609,,,,,,,,,,1,2,,,,,,,,,,,
610,1,2,,,,,,,,,,,,,,,,,,,,
611,2,,,,,,,,,,,,,1,,,,,,,,
612,,1,,,,,,,,,,,,,,,2,,,,,
613,,,,,,,,,,,,,,,,1,,2,,,,
614,,,,,1,,,,2,,,,,,,,,,,,,
615,,,,,,,,,1,,,,,,,2,,,,,,
616,,,,,,,1,,,,,,,,,,,,2,,,
617,,,,,,2,,1,,2,2,,,2,2,,,,,,,2
618,,,,,,,,,,,,,,2,,,1,,,,,
619,,,,,,,,,,,1,,2,,,2,,2,,,,
620,,,,,,2,1,,,,,,,,,,,,,,,
621,1,,,,,,,,,2,,2,,,,,,,,,,
622,,,,,1,,,,2,,,,,,,,,,,,,
623,2,2,2,2,2,2,2,2,2,2,2,2,2,2,2,1,2,2,2,2,2,2
624,,1,,,,,,,,,2,,,,,,,,,,,
625,,,,,,,,,,,,2,,,,,,1,,,,
626,,,,,,,,,,2,,,,,,,,,1,,,
627,,,,1,,,,2,2,,,,,,,,,,,,,
628,,,,,,,,,,,,,,1,,,,,2,,,
629,,,2,,2,2,,1,,,,,2,,,2,2,,,,,
630,,,,,,,,,,2,,2,,1,,2,2,2,,,,
631,,,2,,2,2,,2,1,,,,,,,,,,,,,
632,,1,,,,,,,,,,2,,,,,,,,,,
